ski_area,state_full,lat,long,website,year_opened,remove
49 Degree North Ski Area,Washington,48.30156486,-117.5630173,www.ski49n.com,1972,
Abenaki Ski Area,New Hampshire,43.61061831,-71.23026839,www.wolfeboronh.us/abenaki-ski-area,1938,
Afton Alps Ski Area,Minnesota,44.85837569,-92.7878062,www.aftonalps.com,1963,
Alpine Valley Resort,Wisconsin,42.7365024,-88.42813573,www.alpinevalleyresort.com,1963,
Alpine Valley Ski Area,Michigan,42.6536491,-83.52300158,www.skialpinevalley.com,1962,
Alpine Valley Ski Area,Ohio,41.5274965,-81.25987375,www.alpinevalleyohio.com,1962,
Alta Sierra Ski Resort & Terrain Park,California,35.71199998,-118.5602939,www.altasierra.com,1976,
Alta Ski Area,Utah,40.58861325,-111.6386022,www.alta.com,1938,
Alyeska Resort,Alaska,60.97090586,-149.0986401,www.alyeskaresort.com,1959,
"Andes Tower Hills, Inc.",Minnesota,45.85161767,-95.6304971,www.andestowerhills.com,1981,
Angel Fire Resort,New Mexico,36.38763797,-105.2720266,www.angelfireresort.com,1966,
Anthony Lakes,Oregon,44.9632112,-118.2335621,www.anthonylakes.com,1962,
Appalachian Ski Mtn.,North Carolina,36.17307564,-81.66395116,www.appskimtn.com,1962,
Arapahoe Basin Ski Area,Colorado,39.64342057,-105.8719826,www.arapahoebasin.com,1946,
Arctic Valley Ski Area,Alaska,61.24693589,-149.5329227,arcticvalley.org,1949,
Arizona Snowbowl,Arizona,35.33146364,-111.7059655,www.snowbowl.ski,1938,
Arrowhead Recreation Area,New Hampshire,43.3639506,-72.33322265,www.arrowheadnh.com,1963,
Aspen Highlands,Colorado,39.18252111,-106.8563308,www.aspensnowmass.com,1958,
Aspen Mountain,Colorado,39.18704179,-106.8182485,www.aspensnowmass.com,1947,
Attitash Mountain Resort,New Hampshire,44.08346462,-71.22946446,www.attitash.com,1964,
Ausblick Ski Area,Wisconsin,43.13527025,-88.26427274,www.ausblick.org,1970,
Bear Creek Mountain Resort,Pennsylvania,40.47709712,-75.62557757,www.bcmountainresort.com,1967,
Bear Mountain Resort,California,34.23717058,-116.8894923,www.bigbearmountainresort.com,1946,
Bear Valley Mountain,California,38.49342803,-120.0441374,www.bearvalley.com,1967,
Beaver Creek Resort,Colorado,39.60493106,-106.5166894,www.beavercreek.com,1980,
Beaver Mountain Ski Area,Utah,41.96876102,-111.544144,www.skithebeav.com,1939,
Beech Mountain Resort,North Carolina,36.19539261,-81.87802716,www.beechmountainresort.com,1967,
Belleayre Mountain,New York,42.13603282,-74.51002178,www.belleayre.com,1949,
Berkshire East Mountain Resort,Massachusetts,42.62189061,-72.87704917,www.berkshireeast.com,1960,
Big Boulder Ski Area,Pennsylvania,41.05075537,-75.60098159,www.jfbb.com,1947,
Big Powderhorn Mountain Resort,Michigan,46.50990852,-90.09615753,www.bigpowderhorn.net,1964,
Big Rock Mountain,Maine,46.52312705,-67.82886027,www.bigrockmaine.com,1959,
Big Sky Resort,Montana,45.28637807,-111.4011647,www.bigskyresort.com,1973,
Big Snow Resort,Michigan,46.5061259,-89.99757551,www.bigsnow.com,1959,
Black Mountain of Maine,Maine,44.57754049,-70.6131831,skiblackmountain.org,1960,
Black Mountain Ski Area,New Hampshire,44.16718913,-71.1636333,www.blackmt.com,1935,
Blacktail Mountain Ski Area,Montana,48.01545371,-114.3694595,www.blacktailmountain.com,1998,
Blue Knob,Pennsylvania,40.29751956,-78.543661,www.blueknob.com,1963,
Blue Mountain Resort,Pennsylvania,40.81142835,-75.520864,www.skibluemt.com,1977,
Bluebird Backcountry,Colorado,40.39976696,-106.5491264,www.bluebirdbackcountry.com,2018,
Bluewood Ski Area,Washington,46.08318612,-117.8509098,www.bluewood.com,1980,
Bogus Basin Mountain Recreation Area,Idaho,43.64321201,-116.205993,www.bogusbasin.org,1942,
Bolton Valley Resort,Vermont,44.42295322,-72.85120823,www.boltonvalley.com,1966,
Boreal Mountain Resort,California,39.33669345,-120.3505414,www.rideboreal.com,1964,
Boston Mills/Brandywine Ski Resort,Ohio,41.26560198,-81.56315701,www.bmbw.com,1963,
Bousquet Ski Area,Massachusetts,42.41970858,-73.27657694,www.bousquetmountain.com,1932,
Boyce Park Ski & Tubing Area,Pennsylvania,"40.462599600283006,",-79.74752259,www.alleghenycounty.us/parks,1965,
Boyne Highlands Resort,Michigan,45.46543121,-84.92655646,www.boynehighlands.com,1963,
Boyne Mountain Resort,Michigan,45.16394307,-84.93002408,www.boynemountain.com,1947,
Bradford Ski Area,Massachusetts,42.74543641,-71.05579374,www.skibradford.com,1948,
Breckenridge Ski Resort,Colorado,39.48355119,-106.0682096,www.breckenridge.com,1961,
Bretton Woods Ski Area,New Hampshire,44.25986134,-71.4600878,www.brettonwoods.com,1973,
Brian Head Resort,Utah,37.7030812,-112.8497849,www.brianhead.com,1965,
Bridger Bowl Ski Area,Montana,45.81799926,-110.8966828,www.bridgerbowl.com,1955,
Brighton Ski Resort,Utah,40.59915948,-111.5828008,www.brightonresort.com,1936,
Bristol Mountain Resort,New York,42.74605884,-77.40407477,www.bristolmountain.com,1964,
Bromley Mountain Resort,Vermont,43.21367631,-72.934816,www.bromley.com,1936,
Brundage Mountain Resort,Idaho,45.00605237,-116.1545623,www.brundage.com,1961,
Bryce Resort,Virginia,38.81827461,-78.76567084,www.bryceresort.com,1965,
Buck Hill Ski & Snowboard Area,Minnesota,44.72518273,-93.283994,www.buckhill.com,1954,
Buena Vista Ski Area,Minnesota,47.65890262,-94.87879971,www.bvskiarea.com,1949,
Burke Mountain Resort LLC,Vermont,44.58849251,-71.9134354,www.skiburke.com,1956,
Buttermilk,Colorado,39.20645136,-106.8611545,www.aspensnowmass.com,1958,
Caberfae Peaks,Michigan,44.24521606,-85.7204223,www.caberfaepeaks.com,1937,
Camden Snow Bowl,Maine,44.21796054,-69.13478215,www.camdensnowbowl.com,1939,
Camelback Resort,Pennsylvania,41.05198,-75.35467,www.skicamelback.com,1963,
Camp 10 Ski Area,Wisconsin,45.55093013,-89.49908897,www.camp10skiandsnowboard.com,1958,
Campton Mountain,New Hampshire,43.86885865,-71.6093963,www.camptonmountain.com,1970,
Canaan Valley Resort,West Virginia,39.00916721,-79.4386729,www.canaanresort.com,1971,
Cannon Mountain,New Hampshire,44.17800585,-71.70186722,www.cannonmt.com,1938,
Cannonsburg Ski Area,Michigan,43.05537981,-85.50187167,www.cannonsburg.com,1965,
Cascade Mountain,Wisconsin,43.50436262,-89.51732127,www.cascademountain.com,1962,
Cataloochee Ski Area,North Carolina,35.56311876,-83.08985671,www.cataloochee.com,1961,
Catamount Mountain Resort,New York,42.16975185,-73.47675414,www.catamountski.com,1939,
Cherry Peak Resort,Utah,41.92700275,-111.7563843,www.skicpr.com,2015,
Chester Bowl,Minnesota,46.8138711,-92.09589417,www.chesterbowl.org,1968,
Chestnut Mountain Resort,Illinois,42.3197627,-90.39377154,www.chestnutmtn.com,1959,
China Peak Mountain Resort,California,37.23720435,-119.1573493,www.skichinapeak.com,1958,
Christie Mountain Snow Area,Wisconsin,45.50976918,-91.38080234,www.christiemountain.com,1976,
Cloudmont Ski,Alabama,34.53576232,-85.60321299,www.cloudmont.com,1971,
Cochrans Ski Area,Vermont,44.39580999,-72.9817133,www.cochranskiarea.com,1961,
Cockaigne Resort LLC,New York,42.26459631,-79.16212604,www.cockaigne.com,1960,
Cooper Spur Mountain Resort,Oregon,45.42586513,-121.5903851,www.cooperspur.com,1955,
Copper Mountain Resort,Colorado,39.50647833,-106.1410809,www.coppercolorado.com,1972,
Cranmore Mountain Resort,New Hampshire,44.05704826,-71.1099737,www.cranmore.com,1937,
Crested Butte Mountain Resort,Colorado,38.89972148,-106.9657004,www.skicb.com,1962,
Crotched Mountain Ski & Ride,New Hampshire,43.01287705,-71.87858675,www.crotchedmtn.com,2003,
Crystal Mountain,Michigan,44.52064387,-85.99230222,www.crystalmountain.com,1956,
Crystal Mountain Resort,Washington,46.9293077,-121.5046208,www.crystalmountainresort.com,1964,
Dartmouth Skiway,New Hampshire,43.78838311,-72.09951654,www.dartmouthskiway.com,1956,
Deer Mountain Ski Resort,South Dakota,44.30903457,-103.8183854,https://www.facebook.com/Deer-Mountain-Ski-Resort-,1970,
Deer Valley Resort,Utah,40.63801504,-111.4783275,www.deervalley.com,1981,
Detroit Mountain Recreation Area,Minnesota,46.81324896,-95.7832583,www.detroitmountain.com,1958,
Devil's Head Resort & Convention Center,Wisconsin,43.41854911,-89.62696157,www.devilsheadresort.com,1971,
Diamond Peak Ski Resort,Nevada,39.25436174,-119.9236169,www.diamondpeak.com,1966,
Discovery Ski Area,Montana,46.25018219,-113.237167,www.skidiscovery.com,1973,
"DNC Parks & Resorts at Yosemite, Inc.",California,37.66532785,-119.6629115,www.yosemitepark.com,1935,
Dodge Ridge Ski Area,California,38.19059545,-119.9557566,www.dodgeridge.com,1950,
Donner Ski Ranch,California,39.31836272,-120.330222,www.donnerskiranch.com,1937,
Double H Ranch,New York,43.37504888,-73.79069654,www.doublehranch.org,1998,
Eagle Point Resort,Utah,38.32101472,-112.3838347,www.eaglepointresort.com,2010,
Eagle Rock Ski Area,Pennsylvania,40.92087048,-76.09700789,www.eaglerockresort.com,1997,
Eaglebrook School,Massachusetts,42.5431528,-72.59190563,www.eaglebrook.org,1922,
Eaglecrest Ski Area,Alaska,58.27499382,-134.5126234,www.skieaglecrest.com,1975,
Eastman Cross Country,New Hampshire,43.51581528,-72.11297998,www.eastmannh.org/ski,1972,
Echo Mountain,Colorado,39.68515966,-105.5193713,www.echomntn.com,2005,
Eldora Mountain Resort,Colorado,39.93782904,-105.5827859,www.eldora.com,1962,
"Elk Mountain Ski Resort, Inc.",Pennsylvania,41.72406122,-75.55344896,www.elkskier.com,1959,
Elk Ridge Ski & Outdoor Recreation Area,Arizona,35.21597213,-112.1926316,www.elkridgeski.com,1963,
Four Seasons Golf and Ski Center,New York,43.03556431,-75.97193737,www.fourseasonsgolfandski.com,1962,
Frisco Adventure Park,Colorado,39.57534936,-106.0776794,www.townoffrisco.com,2011,
Frost Fire Park,North Dakota,48.91268391,-98.06863351,www.frostfireskiarea.com,1976,
Gateway Hills Snow Park,New Hampshire,42.71528756,-71.4525813,www.gatewayhillssnowpark.com,2016,
Giants Ridge,Minnesota,47.57711319,-92.30323357,www.giantsridge.com,1984,
Gore Mountain,New York,43.67391452,-74.00673821,www.goremountain.com,1934,
Granby Ranch,Colorado,40.04525669,-105.9065685,https://granbyranch.com/,1982,
Grand Geneva Resort,Wisconsin,42.61030962,-88.40505333,www.grandgeneva.com,1968,
Grand Targhee Resort,Wyoming,43.78952975,-110.9576977,www.grandtarghee.com,1969,
Granite Gorge Ski Area,New Hampshire,42.97168452,-72.21202254,www.granitegorge.com,2003,
Granite Peak at Rib Mountain State Park,Wisconsin,44.92988923,-89.68305471,www.skigranitepeak.com,1937,
Granlibakken Tahoe Ski Area,California,39.15466493,-120.1547246,www.granlibakken.com,1927,
Great Bear Ski Valley,South Dakota,43.57851527,-96.66443961,www.greatbearpark.com,1966,
Great Divide Ski Area,Montana,46.75364636,-112.3133707,skigd.com,1941,
Greek Peak Mountain Resort,New York,"42.50888130534712,",-76.14537833,www.greekpeakmtnresort.com,1957,
Gunstock Mountain Resort,New Hampshire,43.54172423,-71.36281543,www.gunstock.com,1937,
Hatcher Alpine Xperience dba Skeetawk Ski Area,Alaska,61.74357792,-149.2338776,www.skeetawk.com,2020,
Hawksnest Snow Tubing,North Carolina,36.14376935,-81.82621204,hawksnesttubing.com,1964,
Heavenly Mountain Resort,Nevada,38.96180428,-119.8856271,www.skiheavenly.com,1955,
Heiliger Huegel Ski Club,Wisconsin,43.25282038,-88.31111284,www.hhskiclub.com,1935,
Hickory Hills,Michigan,44.76937515,-85.66617246,www.ci.traverse-,1951,
Hidden Valley Resort,Pennsylvania,40.05873721,-79.25805603,www.hiddenvalleyresort.com,1955,
Hidden Valley Ski Area,Missouri,38.5359714,-90.65058251,www.hiddenvalleyski.com,1982,
Hillberg Ski Area,Alaska,61.27680582,-149.8245108,https://jberlife.com/hillberg,1950,
Hilltop Ski Area,Alaska,61.14120848,-149.7450682,www.hilltopskiarea.org,1983,
Hogadon Basin Ski Area,Wyoming,42.74590126,-106.3389311,http://hogadon.net/,1958,
Holiday Mountain Ski Area,New York,41.63025738,-74.61486157,www.holidaymtn.com,1957,
Holiday Valley Resort,New York,42.26381924,-78.66735378,www.holidayvalley.com,1958,
HoliMont Ski Area,New York,42.27399454,-78.68895971,www.holimont.com,1962,
Homewood Mountain Resort,California,39.08626617,-120.1603889,www.skihomewood.com,1962,
Hoodoo Ski Area,Oregon,44.40924171,-121.8713943,www.hoodoo.com,1938,
Howelsen Hill Ski Area,Colorado,40.48397216,-106.8376932,www.steamboatsprings.net/ski,1915,
Huff Hills Ski Area,North Dakota,46.62799969,-100.7231925,www.huffhills.com,1991,
Hunter Mountain,New York,42.2035328,-74.22457583,www.huntermtn.com,1959,
Hurricane Ridge Ski Area,Washington,47.97060235,-123.4951567,www.hurricaneridge.com,1958,
Hyland Hills Ski Area,Minnesota,44.8441625,-93.36363246,www.hylandski.com,1952,
Jack Frost Mountain,Pennsylvania,41.10140235,-75.65013517,www.jfbb.com,1972,
Jackson Hole Mountain Resort,Wyoming,43.58821361,-110.8276823,www.jacksonhole.com,1966,
Jay Peak Resort,Vermont,44.93806838,-72.50402128,www.jaypeakresort.com,1955,
Jiminy Peak Mountain Resort,Massachusetts,42.55588367,-73.29214353,www.jiminypeak.com,1948,
June Mountain,California,37.76857842,-119.0906078,www.junemountain.com,1963,
Keystone Resort,Colorado,39.60824093,-105.9437012,www.keystoneresort.com,1970,
Killington Resort,Vermont,43.62644615,-72.79674658,www.killington.com,1958,
King Pine Ski Area,New Hampshire,43.86877523,-71.08879451,www.kingpine.com,1962,
Kingvale Snow Schoolers,California,39.31246989,-120.4465569,http://www.snowschoolers.com/kingvale,2021,
Kirkwood Mountain Resort,California,38.68550514,-120.065188,www.kirkwood.com,1972,
Kissing Bridge Corp.,New York,42.59999718,-78.65243584,www.kbski.com,1980,
Lake City Ski Hill,Colorado,38.01135285,-107.31166,www.lakecityskihill.com,1965,
Laurel Mountain,Pennsylvania,40.16441393,-79.16585517,www.laurelmountainski.com,1939,
Lee Canyon,Nevada,36.30451454,-115.6795683,www.leecanyonlv.com,1963,
Liberty Mountain Resort,Pennsylvania,39.76433626,-77.37535171,www.libertymountainresort.com,1965,
Liberty Mountain Snowflex Centre,Virginia,37.35341841,-79.16673526,www.liberty.edu/snowflex,2009,
Little Switzerland,Wisconsin,43.33862047,-88.27896256,www.littleswitz.com,1941,
Lookout Pass Ski & Recreation Area,Idaho,47.45667689,-115.6971017,www.skilookout.com,1935,
Loon Mountain Recreation Corp.,New Hampshire,44.05697784,-71.63349681,www.loonmtn.com,1966,
"Lost Trail Ski Area, Inc.",Montana,45.69281947,-113.9520035,www.losttrail.com,1938,
Lost Valley Ski Area,Maine,44.13673209,-70.28289263,www.lostvalleyski.com,1961,
Loup Loup Ski Bowl,Washington,48.39505974,-119.9110344,www.skitheloup.com,1958,
Loveland Ski Area,Colorado,39.68071458,-105.897968,www.skiloveland.com,1937,
Lutsen Mountains,Minnesota,47.6642477,-90.71349133,www.lutsen.com,1948,
Mad River Glen,Vermont,44.20296106,-72.91734998,www.madriverglen.com,1948,
Mad River Mountain,Ohio,40.31866094,-83.67767051,www.skimadriver.com,1962,
Magic Mountain,Vermont,43.20248695,-72.77223653,www.magicmtn.com,1961,
Magic Mountain Resort,Idaho,42.19007474,-114.2852519,www.magicmountainresort.com,1945,
Mammoth Mountain Ski Area,California,37.65182772,-119.0268021,www.mammothmountain.com,1953,
Maple Ski Ridge,New York,42.81768485,-74.03211368,www.mapleskiridge.com,1964,
Marquette Mountain,Michigan,46.50887197,-87.42087407,marquettemountain.com,1959,
Massanutten Resort,Virginia,38.40722787,-78.71601501,www.massresort.com,1973,
Maverick Mountain Resort,Montana,45.43456297,-113.128345,www.skimaverick.com,1951,
McCauley Mtn. Ski Center,New York,43.69892501,-74.96344423,www.oldforgeny.com,1959,
McIntyre Ski Area,New Hampshire,43.0071298,-71.44184835,www.mcintyreskiarea.com,1971,
Meadowlark Ski Lodge,Wyoming,44.17456561,-107.2135767,www.lodgesofthebighorns.com,1963,
Middlebury College Snow Bowl,Vermont,43.9399184,-72.95752283,www.middleburysnowbowl.com,1936,
Mission Ridge Ski & Board Resort,Washington,47.2930624,-120.3999354,www.missionridge.com,1966,
Mohawk Mountain Ski Area,Connecticut,41.83885448,-73.31542338,www.mohawkmtn.com,1947,
Monarch Mountain,Colorado,38.51261757,-106.3319504,www.skimonarch.com,1939,
Mont Du Lac Resort,Wisconsin,46.65219044,-92.28431394,www.mdlresort.com,1948,
Mont Ripley Ski Area,Michigan,47.12847196,-88.56006726,www.skimontripley.com,1933,
Montage Mountain,Pennsylvania,41.35183888,-75.66293836,www.montagemountainresorts.com,1984,
Montana Snowbowl,Montana,47.01503583,-113.9995465,www.montanasnowbowl.com,1961,
Mount Bohemia,Michigan,47.38852651,-88.02092498,www.mtbohemia.com,2000,
Mount Kato Ski Area,Minnesota,44.13375842,-94.03333424,www.mountkato.com,1977,
Mount Lakeridge Ski & Board Center,Connecticut,44.02831778,-79.06299123,http://lakeridgect.com/skiing,1975,
Mount Peter,New York,41.24299758,-74.29057728,www.mtpeter.com,1936,
Mount Pleasant of Edinboro,Pennsylvania,41.85158038,-80.07035137,www.skimountpleasant.com,1971,
Mount Snow Resort,Vermont,42.96868536,-72.89452317,www.mountsnow.com,1954,
Mount Southington Ski Area,Connecticut,41.58296457,-72.92465447,www.mountsouthington.com,1964,
Mount Sunapee Resort,New Hampshire,43.33252893,-72.08003271,www.mountsunapee.com,1948,
Mountain Creek Resort,New Jersey,41.19091746,-74.50525795,www.mountaincreek.com,1965,
Mountain High Resort,California,34.37763248,-117.6914169,www.mthigh.com,1924,
Mt. Abram Ski Area,Maine,44.38042508,-70.70680053,www.mtabram.com,1960,
Mt. Ashland,Oregon,42.08233795,-122.7047755,www.mtashland.com,1964,
Mt. Bachelor LLC,Oregon,44.00302873,-121.6790553,www.mtbachelor.com,1958,
Mt. Baker Ski Area,Washington,48.85787043,-121.6665975,www.mtbaker.us,1953,
Mt. Baldy Ski Lifts,California,34.27080983,-117.621846,www.mtbaldyresort.com,1952,
Mt. Brighton Ski Area,Michigan,42.54141496,-83.81158607,www.mtbrighton.com,1960,
Mt. Crescent Ski Area,Iowa,41.39550617,-95.86061488,www.skicrescent.com,1961,
Mt. Eyak Ski Area,Alaska,60.55043375,-145.7499717,www.mteyak.org,1974,
Mt. Holiday,Michigan,44.74211877,-85.51455343,www.mt-holiday.com,1949,
"Mt. Holly Ski Resort, Inc.",Michigan,42.83150821,-83.56428257,www.skimtholly.com,1956,
Mt. Hood Meadows,Oregon,45.33240384,-121.6651633,www.skihood.com,1968,
Mt. Hood Skibowl,Oregon,45.30314599,-121.7731673,www.skibowl.com,1927,
Mt. La Crosse,Wisconsin,43.74419767,-91.1825666,www.mtlacrosse.com,1959,
Mt. Lemmon Ski Valley,Arizona,32.44824242,-110.7815594,www.skithelemmon.com,1945,
Mt. Rose - Ski Tahoe,Nevada,39.32904913,-119.8853535,www.skirose.com,1964,
Mt. Shasta Ski Park,California,41.32173449,-122.2035664,www.skipark.com,1985,
Mt. Ski Gull,Minnesota,46.4481705,-94.37793714,www.mountskigull.com,1962,
Mt. Spokane Ski & Snowboard Park,Washington,47.92191405,-117.0962229,www.mtspokane.com,1938,
"Mt. Waterman Ski Lift, LLC",California,34.34999781,-117.9288111,www.mtwaterman.org,1942,
Mt. Zion,Michigan,46.47475182,-90.16299604,www.gogebic.edu/why-gcc/mt-zion.php,1937,
Nashoba Valley Ski Area,Massachusetts,42.54331964,-71.4450189,www.skinashoba.com,1964,
Nordic Mountain,Wisconsin,44.12211996,-89.1811313,https://www.nordicmountain.com/,1987,
"Nordic Valley Recreation, LP",Utah,41.31095176,-111.8649129,www.nordicvalley.com,1970,
Northstar California,California,39.27528206,-120.1209861,www.northstarcalifornia.com,1972,
Nub's Nob Ski Area,Michigan,45.47218393,-84.90470621,www.nubsnob.com,1958,
Oak Mountain,New York,43.51467565,-74.36067423,www.oakmountainski.com,1948,
Ober Gatlinburg Ski Area,Tennessee,35.70378581,-83.55819703,www.obergatlinburg.com,1962,
Oglebay Resort,West Virginia,40.10102478,-80.66170686,www.oglebay-resort.com,1952,
Okemo Mountain Resort,Vermont,43.40316644,-72.71699868,www.okemo.com,1956,
Otis Ridge,Massachusetts,42.19694529,-73.09835476,www.otisridge.com,1946,
Otsego Resort,Michigan,45.02835488,-84.65522681,www.otsegoresort.com,1939,
Pajarito Mountain Ski Area,New Mexico,35.89572411,-106.3904787,www.pajarito.ski,1944,
"Paoli Peaks, Inc.",Indiana,38.55597274,-86.51220904,www.paolipeaks.com,1978,
Park City Mountain Resort,Utah,40.65202224,-111.5078874,www.parkcitymountain.com,1963,
Pats Peak,New Hampshire,43.1646463,-71.79733773,www.patspeak.com,1963,
Payette Lakes Ski Club,Idaho,44.93035564,-116.1624838,www.littleskihill.org,1937,
Pebble Creek Ski Area,Idaho,42.77926583,-112.1592583,www.pebblecreekskiarea.com,1949,
Peek'n Peak Resort,New York,42.06307893,-79.73526115,www.pknpk.com,1964,
Perfect North Slopes,Indiana,39.14823962,-84.8855799,www.perfectnorth.com,1981,
Pico Mountain,Vermont,43.66348486,-72.84246908,www.picomountain.com,1934,
Pine Creek Ski Resort,Wyoming,42.10370847,-110.828824,www.pinecreekskiresort.com,1952,
Pine Mountain Ski Resort,Michigan,45.8397655,-88.08867303,www.pinemountainresort.com,1939,
Plymouth Notch,Vermont,43.53678287,-72.7468831,www.skithenotch.com,2001,
Pocono Ranch Lands Property Owners,Pennsylvania,41.16622899,-74.95491651,www.poconoranchlands.com,1974,
Pomerelle Mountain Resort,Idaho,42.31866934,-113.6077738,www.pomerelle.com,1963,
Powder Mountain,Utah,41.38186109,-111.7807708,www.powdermountain.com,1972,
Powder Ridge Mountain Park & Resort,Connecticut,41.50236817,-72.73643284,www.PowderRidgePark.com,1959,
Powder Ridge Ski Area,Minnesota,45.3443415,-94.30503605,www.powderridge.com,1962,
Powderhorn Mountain Resort,Colorado,39.07002381,-108.1505609,www.powderhorn.com,1966,
Powers Bluff Park - Wood County Parks and Forestry Department,Wisconsin,44.52578845,-90.06657957,http://www.co.wood.wi.us/Departments/Parks/,1945,
Proctor Ski Area,New Hampshire,43.43212221,-71.82081813,www.proctornet.com,1969,
Purgatory Resort,Colorado,37.63145236,-107.8139425,www.purgatoryresort.com,1965,
Quechee Ski Area,Vermont,43.65651875,-72.4420669,www.quecheeclub.com,1971,
Ragged Mountain Resort,New Hampshire,43.48610661,-71.84226434,www.raggedmountainresort.com,1964,
Red Lodge Mountain,Montana,45.19145835,-109.3363525,www.redlodgemountain.com,1960,
Red River Ski & Summer Area,New Mexico,36.70702022,-105.412823,www.redriverskiarea.com,1959,
"Rotarun Ski Club, Inc.",Idaho,43.49801688,-114.3649095,www.rotarun.org,1959,
Roundtop Mountain Resort,Pennsylvania,40.1101891,-76.92752774,www.skiroundtop.com,1964,
Royal Gorge Cross Country Ski Resort,California,39.31410727,-120.3890196,www.royalgorge.com,1971,
Saddleback Maine,Maine,44.94665772,-70.52727452,www.saddlebackmaine.com,1960,
Sandia Peak Ski Area,New Mexico,35.20796738,-106.4132496,www.sandiapeak.com,1937,
Sapphire Valley Ski Area,North Carolina,35.12472426,-83.05871264,www.Skisapphirevalley.com,1966,
Schweitzer,Idaho,48.36850314,-116.6224652,www.schweitzer.com,1963,
Seven Oaks Recreation,Iowa,42.03128842,-93.95335914,www.sevenoaksrec.com,1997,
Seven Springs Mountain Resort,Pennsylvania,40.02368337,-79.29759591,www.7springs.com,1932,
Shanty Creek Resort,Michigan,44.94028,-85.13298,www.shantycreek.com,1963,
Shawnee Mountain Ski Area,Pennsylvania,41.04056688,-75.08519763,www.shawneemt.com,1975,
Shawnee Peak Ski Area,Maine,44.05895122,-70.81505181,www.shawneepeak.com,1938,
Showdown Montana,Montana,46.83896191,-110.7004194,www.showdownmontana.com,1936,
Sierra-at-Tahoe,California,38.80122983,-120.0805545,www.sierraattahoe.com,1968,
Silver Mountain Ski and Year Round Waterpark Resort!,Idaho,47.54134087,-116.1331495,www.silvermt.com,1968,
Silverton Mountain,Colorado,37.88530235,-107.6658975,www.silvertonmountain.com,2001,
Sipapu Ski & Summer Resort,New Mexico,36.1548735,-105.5478741,www.sipapu.ski,1952,
Ski Apache Resort,New Mexico,33.39802666,-105.7887375,www.skiapache.com,1961,
Ski Big Bear at Masthope Mountain,Pennsylvania,41.52398272,-75.02482657,www.ski-bigbear.com,1976,
Ski Brule,Michigan,46.030288,-88.70120634,www.skibrule.com,1956,
Ski Butternut,Massachusetts,42.1843427,-73.31985355,www.skibutternut.com,1963,
"Ski Campgaw Management, Inc., LLC",New Jersey,41.05927571,-74.19477058,www.Skicampgaw.com,1969,
Ski Cloudcroft,New Mexico,32.95155284,-105.7072131,www.skicloudcroft.net,1963,
Ski Cooper,Colorado,39.36084213,-106.3013806,www.skicooper.com,1942,
Ski Land,Alaska,65.04627007,-147.4094115,www.skilandfairbanks.com,1962,
Ski Plattekill,New York,42.29111868,-74.65325707,www.plattekill.com,1958,
Ski Santa Fe,New Mexico,35.79700238,-105.8023475,www.skisantafe.com,1947,
Ski Sawmill Family Resort,Pennsylvania,41.52425616,-77.2902139,www.skisawmill.com,1969,
Ski Snowstar Winter Sports Park,Illinois,41.42592702,-90.74615344,www.skisnowstar.com,1981,
Ski Sundown,Connecticut,41.88521237,-72.94676297,www.skisundown.com,1969,
Ski Ward Ski Area,Massachusetts,42.30166182,-71.68296071,www.skiward.com,1939,
Sky Tavern,Nevada,39.33738598,-119.8787614,www.skytavern.org,1945,
Sleeping Giant Ski Area,Wyoming,44.49348994,-109.939379,www.skisg.com,1936,
"Sleepy Hollow Sports Park, Inc.",Iowa,41.5898627,-93.5332271,www.shspdm.com,1997,
Smugglers' Notch Resort,Vermont,44.58902591,-72.78993003,www.smuggs.com,1956,
Snow Creek Ski Area,Missouri,39.4679177,-94.97072014,www.skisnowcreek.com,1987,
Snow King Mountain Resort,Wyoming,43.4729605,-110.7559978,www.snowkingmountain.com,1939,
Snow Ridge Resort,New York,43.64044659,-75.42001601,www.snowridge.com,1945,
Snow Schoolers @ Kingvale,California,39.31240348,-120.4465998,www.snowschoolers.com,1950,
Snow Snake Ski & Golf,Michigan,43.95964728,-84.78072576,www.snowsnake.net,1949,
Snow Summit Mountain Resort,California,34.23654129,-116.8892906,www.bigbearmountainresort.com,1952,
Snow Trails,Ohio,40.67332425,-82.5006661,www.snowtrails.com,1961,
Snow Valley Mountain Resort,California,34.22571597,-117.0361985,www.snow-valley.com,1937,
Snowbasin Resort Co.,Utah,41.21680218,-111.8571314,www.snowbasin.com,1940,
Snowbird,Utah,40.58126392,-111.656866,www.snowbird.com,1971,
Snowhaven,Idaho,45.86815336,-116.0892036,http://grangeville.us/snowhaven-ski-and-tubing-hill/,1944,
Snowmass,Colorado,39.21099209,-106.9491819,www.aspensnowmass.com,1967,
Snowshoe,West Virginia,38.41461598,-79.99738428,www.snowshoemtn.com,1974,
Snowy Range Ski & Recreation Area,Wyoming,41.34188231,-106.1833666,www.snowyrangeski.com,1959,
Soda Springs Ski Area,California,39.3207195,-120.3796274,www.skisodasprings.com,1935,
Soldier Mountain Ski Area,Idaho,43.48611917,-114.8292298,www.soldiermountain.com,1947,
Solitude Mountain Ski Area,Utah,40.62045463,-111.5918206,www.solitudemountain.com,1957,
Song Mountain Resort,New York,42.77485187,-76.15837523,www.skicny.com,1961,
Spirit Mountain Recreation Area,Minnesota,46.71887155,-92.21671504,www.spiritmt.com,1974,
Squaw Valley / Alpine Meadows,California,39.19828879,-120.2354207,www.squawalpine.com,1949,
Steamboat Ski & Resort,Colorado,40.4578685,-106.8044525,www.steamboat.com,1963,
Stevens Pass,Washington,47.74582191,-121.0887193,www.stevenspass.com,1937,
Storrs Hill Ski Area,New Hampshire,43.63580561,-72.25214524,www.skistorrshill.com,1923,
Stowe Mountain Resort,Vermont,44.53093376,-72.78143386,www.stowe.com,1934,
Stratton,Vermont,43.11433796,-72.90552283,www.stratton.com,1962,
Sugar Bowl Resort,California,39.30173865,-120.3332735,www.sugarbowl.com,1939,
Sugar Mountain Resort,North Carolina,36.1308539,-81.85872276,www.skisugar.com,1969,
Sugarbush Resort,Vermont,44.13855063,-72.89415641,www.sugarbush.com,1958,
Sugarloaf,Maine,45.03311059,-70.31299448,www.sugarloaf.com,1951,
Suicide Six Ski Area,Vermont,43.66572885,-72.54320153,www.suicidesix.com,1937,
Summit Ski Area,Oregon,45.30352469,-121.745721,www.summitskiarea.com,1927,
Sun Valley Resort,Idaho,43.69557315,-114.3542566,www.sunvalley.com,1936,
Sunburst Sports Park,Wisconsin,43.49463648,-88.22407137,www.skisunburst.com,1961,
Sundance,Utah,40.3947604,-111.5887281,www.sundanceresort.com,1969,
Sunday River Resort,Maine,44.4740766,-70.85676541,www.sundayriver.com,1959,
Sundown Mountain Ski and Snowboard Resort,Iowa,42.51694833,-90.81852131,www.sundownmtn.com,1974,
Sunlight Mountain Resort,Colorado,39.40056141,-107.3386574,www.sunlightmtn.com,1966,
Sunrise Park Resort,Arizona,34.00035276,-109.5537785,www.sunriseskiparkaz.com,1972,
Swain Resort,New York,42.47724727,-77.85515426,www.swain.com,1947,
Swiss Valley Ski & Board Area,Michigan,41.95451976,-85.82686203,www.skiswissvalley.com,1960,
Tahoe Donner Ski Resort,California,39.35470878,-120.259309,www.skitahoedonner.com,1972,
Tamarack Resort,Idaho,44.67067722,-116.1223549,www.tamarackidaho.com,2004,
"Taos Ski Valley, Inc.",New Mexico,36.59544294,-105.4502212,www.skitaos.com,1955,
Telluride Ski & Golf Resort,Colorado,37.93976589,-107.8482603,www.tellurideskiresort.com,1972,
Terry Peak Ski Area,South Dakota,44.33523296,-103.8403186,www.terrypeak.com,1936,
Teton Pass Ski Area,Montana,47.93037332,-112.8109326,www.tetonpassresort.com,1967,
The Balsams Resort,New Hampshire,44.87087991,-71.30650454,www.thebalsamsresort.com,2020,
The Homestead,Michigan,44.91419979,-85.9641948,www.thehomesteadresort.com,1983,
The Rock Snowpark,Wisconsin,42.92064351,-88.01505264,https://www.rocksnowpark.com/,1987,
The Summit At Snoqualmie,Washington,47.42539859,-121.4159227,www.summitatsnoqualmie.com,1937,
The Villas at Tree Tops and Fairway White Lightning Snow Tubing,Pennsylvania,41.07895907,-75.02527723,www.fernwoodresortpoconos.com,1981,
Thunder Ridge Ski Area,New York,41.50914222,-73.58499983,www.thunderridgeski.com,1959,
Timber Ridge Ski Area,Michigan,42.39203647,-85.7807993,www.timberridgeski.com,1961,
Timberline Lodge & Ski Area,Oregon,45.33174658,-121.711457,www.timberlinelodge.com,1937,
Timberline Mountain,West Virginia,39.04320295,-79.39905146,www.timberlinemountain.com,1983,
"Titus Mountain Family Ski Center, LLC",New York,44.76532773,-74.23355778,www.titusmountain.com,1960,
Treetops Resort,Michigan,45.03372685,-84.58917031,www.treetops.com,1954,
Trollhaugen Winter Recreation Area,Wisconsin,45.35196432,-92.61798621,www.trollhaugen.com,1950,
Tussey Mountain Ski Area,Pennsylvania,40.76990078,-77.75395326,www.tusseymountain.com,1981,
Tyrol Basin Ski & Snowboard Area,Wisconsin,43.04520281,-89.78400151,www.tyrolbasin.com,1958,
Utah Olympic Park,Utah,40.71247199,-111.5617804,www.utaholympiclegacy.org,1993,
Vail Mountain,Colorado,39.60675608,-106.3548644,www.vail.com,1962,
Victor Constant Ski Area,New York,41.39659044,-73.98371339,https://westpoint.armymwr.com/programs/victor-constant-ski-area,1939,
Villa Olivia Ski Area,Illinois,42.01347866,-88.22018146,www.villaolivia.com,1966,
Wachusett Mountain Ski Area,Massachusetts,42.5035941,-71.88615231,www.wachusett.com,1962,
Waterville Valley Resort,New Hampshire,43.9665056,-71.52786558,www.waterville.com,1966,
"Welch Village Ski Area, Inc.",Minnesota,44.56066801,-92.73028799,www.welchvillage.com,1965,
White Pass Ski Area,Washington,46.63810448,-121.391216,www.skiwhitepass.com,1952,
White Pine Ski Area,Wyoming,42.97858724,-109.7586382,www.whitepineski.com,1939,
Whitecap Mountains Resort,Wisconsin,46.40751223,-90.39695624,www.whitecapresort.com,1964,
Whiteface Mountain,New York,44.36689093,-73.90268864,www.whiteface.com,1958,
Whitefish Mountain Resort,Montana,48.48102498,-114.3501276,www.skiwhitefish.com,1947,
Whitetail Resort,Pennsylvania,"39.74247467602922,",-77.93324823,www.skiwhitetail.com,1991,
Wild Mountain,Minnesota,45.48940048,-92.70519891,www.wildmountain.com,1972,
Wildcat Mountain,New Hampshire,44.26482535,-71.23962547,www.skiwildcat.com,1933,
Willamette Pass Resort,Oregon,43.60072217,-122.0365615,www.willamettepass.com,1941,
Wilmot Mountain,Wisconsin,42.49954016,-88.18746708,www.wilmotmountain.com,1938,
Windham Mountain,New York,42.29515829,-74.25649702,windhammountain.com,1960,
Winter Park Resort,Colorado,39.88478105,-105.7627241,www.winterparkresort.com,1940,
Wintergreen Resort,Virginia,37.91557792,-78.94385874,www.wintergreenresort.com,1975,
Winterplace Ski Resort,West Virginia,37.59647637,-81.11986161,www.winterplace.com,1983,
Wisp Resort,Maryland,39.55761216,-79.36325348,www.wispresort.com,1956,
Wolf Ridge Ski Resort,North Carolina,35.95555073,-82.50856875,www.skiwolfridgenc.com,1969,
Woods Valley Ski Area,New York,43.30266431,-75.38242474,www.woodsvalleyskiarea.com,1964,
Woodward Park City,Utah,40.75521194,-111.5855327,woodwardparkcity.com,2019,
Yawgoo Valley Ski Area & Waterpark,Rhode Island,41.51831999,-71.52702397,www.yawgoo.com,1965,
Yellowstone Mountain Club,Montana,45.24639279,-111.3745968,www.yellowstoneclub.com,1997,