Name,Phone,Full_Address,City,State,ZIP,Source_URL
Chateau de Vie,707-942-6446,3250 Highway 128,,,,https://www.fortross.org/local/ava/napa-valley
Cobblestone,310.478.5540,"Napa, California",Napa,California,,https://www.fortross.org/local/ava/napa-valley
Arns Winery,707-963-3429,601 Mund Road,,,,https://www.fortross.org/local/ava/napa-valley
Trueblood Wines,707-337-6366,9903 S. Santa Monica Blvd.,,,,https://www.fortross.org/local/ava/napa-valley
Buehler Vineyards,707-963-2155,820 Greenfield Rd.,,,,https://www.fortross.org/local/ava/napa-valley
Altamura Winery,707-253-2000,1700 Wooden Valley Rd,,,,https://www.fortross.org/local/ava/napa-valley
Trefethen Vineyards,707.255.7700,1160 Oak Knoll Ave.,,,,https://www.fortross.org/local/ava/napa-valley
Nichelini Winery,707-963-0717,2950 Sage Canyon Rd.,,,,https://www.fortross.org/local/ava/napa-valley
Chappellet Winery,707-286-4219,"1581 Sage Canyon Rd, St Helena, CA 94574",St Helena,CA,94574,https://www.fortross.org/local/ava/napa-valley
Hagafen Cellars,707-252-0781,4160 Silverado Trail,,,,https://www.fortross.org/local/ava/napa-valley
Lobo Wines,707-224-8322,2275 Soda Canyon Road,,,,https://www.fortross.org/local/ava/napa-valley
Pope Valley Winery,707-965-1246,6613 Pope Valley Rd.,,,,https://www.fortross.org/local/ava/napa-valley
Tognetti Family Winery,707-968-7204,P.O. Box 10377,,,,https://www.fortross.org/local/ava/napa-valley
David Clinton Wine Cellars,,PO Box 2164,,,,https://www.fortross.org/local/ava/napa-valley
Herencia Wines,707-253-8463,4060 Monticello Rd,,,,https://www.fortross.org/local/ava/napa-valley
Frisson Wine,707-224-1222,"Napa, California 95476",Napa,California,95476,https://www.fortross.org/local/ava/napa-valley
HdV Wines,707- 251-9121,588 Trancas Street,,,,https://www.fortross.org/local/ava/napa-valley
Honrama Cellars,707-628-2743,2515 Napa Valley Corporate Dr.,,,,https://www.fortross.org/local/ava/napa-valley
Jamieson Ranch Vineyards,707-254-8673,1 Kirkland Ranch Road,,,,https://www.fortross.org/local/ava/napa-valley
Mira Napa Valley Education Center and Tasting Room,707- 945-0881,6170 Washington St.,,,,https://www.fortross.org/local/ava/napa-valley
Oro Puro Vineyards,707-252-9222,P.O. Box 6230,,,,https://www.fortross.org/local/ava/napa-valley
Rahn Estate,707-965-3700,1575 Deer Park Rd,,,,https://www.fortross.org/local/ava/napa-valley
Rubissow Wines,707-253-8605,"830 School St, Ste 14",School St,Ste 14,,https://www.fortross.org/local/ava/napa-valley
Uvaggio,707-224-2254,P.O. Box 10708,,,,https://www.fortross.org/local/ava/napa-valley
Bounty Hunter,707-226-3976,975 First Street,,,,https://www.fortross.org/local/ava/napa-valley
Brian Edward Wines,707-927-3459,"Napa, California 94558",Napa,California,94558,https://www.fortross.org/local/ava/napa-valley
Charthia Cellars,707-980-8026,23 Walkabout Lane,,,,https://www.fortross.org/local/ava/napa-valley
Steltzner Vineyards,707-252-7272,"5 Financial Plaza, Ste 104",Financial Plaza,Ste 104,,https://www.fortross.org/local/ava/napa-valley
Blackbird Vineyards,707-252-4444,1330 Oak Knoll Ave,,,,https://www.fortross.org/local/ava/napa-valley
Fortunati Vineyards,707-255-9300,986 Salvador Avenue,,,,https://www.fortross.org/local/ava/napa-valley
Moone-Tsai Vineyards,707-265-6782,2921 Silverado Trail,,,,https://www.fortross.org/local/ava/napa-valley
Silenus,707-299-3930,5225 Solano Avenue,,,,https://www.fortross.org/local/ava/napa-valley
Xtant,707-224-7844,P.O. Box 2430,,,,https://www.fortross.org/local/ava/napa-valley
Acre Napa Valley,707-337-0379,PO Box 3674,,,,https://www.fortross.org/local/ava/napa-valley
Burly Wines â€“ McCrorie Family Vineyards,707-299-7085,4446 Stillson Street,,,,https://www.fortross.org/local/ava/napa-valley
Spelletich Cellars,707-775-7300,2545 Napa Valley Corporate Drive Suite C,,,,https://www.fortross.org/local/ava/napa-valley
Spiriterra Vineyards,415-218-1753,805 Greenfield Rd,,,,https://www.fortross.org/local/ava/napa-valley
B. Kosuge Wines,707-738-8396,"Napa, California 94581",Napa,California,94581,https://www.fortross.org/local/ava/napa-valley
Black Stallion Winery,707- 227-3250,4089 Silverado Trail,,,,https://www.fortross.org/local/ava/napa-valley
Campesino Vineyards,707-812-8974,3205 Von Uhlit Ranch Rd,,,,https://www.fortross.org/local/ava/napa-valley
JACK Winery,707- 492-5436,PO Box 6048,,,,https://www.fortross.org/local/ava/napa-valley
Picnic Wine Company,707-363-3893,5200 Wild Horse Valley Road,,,,https://www.fortross.org/local/ava/napa-valley
Sjoeblom Winery,707-968-9395,P.O. Box 3496,,,,https://www.fortross.org/local/ava/napa-valley
Voss Vineyards,707-259-0993,1862 El Centro Ave.,,,,https://www.fortross.org/local/ava/napa-valley
Arcudi Wines,,P.O. Box 10411,,,,https://www.fortross.org/local/ava/napa-valley
Billhook,505-660-1507,"Napa, California 94558",Napa,California,94558,https://www.fortross.org/local/ava/napa-valley
COHO Wines,707-258-2566,PO Box 5726,,,,https://www.fortross.org/local/ava/napa-valley
Seavey Vineyard,707-963-8339,1310 Conn Valley Rd.,,,,https://www.fortross.org/local/ava/napa-valley
Somerston,707-967-8414,3450 Sage Canyon Road,,,,https://www.fortross.org/local/ava/napa-valley
Vermeil Wines,707-254-9881,1018 First St.,,,,https://www.fortross.org/local/ava/napa-valley
Andretti Winery,707-259-6777,4162 Big Ranch Rd.,,,,https://www.fortross.org/local/ava/napa-valley
David Arthur Vineyards,707-963-5190,210 Long Ranch Road,,,,https://www.fortross.org/local/ava/napa-valley
Lewis Cellars,707-255-3400,4101 Big Ranch Rd,,,,https://www.fortross.org/local/ava/napa-valley
Onesta Wines,,"Napa, California 94559",Napa,California,94559,https://www.fortross.org/local/ava/napa-valley
Patland Estate Vineyards,888-539-4717,2275 Soda Canyon Rd,,,,https://www.fortross.org/local/ava/napa-valley
Playwright Wines,415-509-2433,"918 Enterprise Way, Ste G",Enterprise Way,Ste G,,https://www.fortross.org/local/ava/napa-valley
A Tribute to Grace Wine Company,,P.O. Box 10307,,,,https://www.fortross.org/local/ava/napa-valley
Gustavo Wines,707-257-6796,"902 Enterprise Way, STE P",Enterprise Way,STE P,,https://www.fortross.org/local/ava/napa-valley
Hall Winery,707-967-2626,56 Auberge Rd,,,,https://www.fortross.org/local/ava/napa-valley
Highflyer Wines,707-967-8414,543 Mund Rd.,,,,https://www.fortross.org/local/ava/napa-valley
Neiman Cellars,707-322-7478,375 Randolph St.,,,,https://www.fortross.org/local/ava/napa-valley
Starfield Vineyards,530-295-9156,"1436 2nd Street, Suite 256",nd Street,Suite 256,,https://www.fortross.org/local/ava/napa-valley
White Rock Vineyards,707-257-7922,1115 Loma Vista Dr.,,,,https://www.fortross.org/local/ava/napa-valley
Antica Napa Valley,707-257-8700,3149 Soda Canyon Rd.,,,,https://www.fortross.org/local/ava/napa-valley
Beaucanon Estate Winery,707-254-1460,1006 Monticello Rd.,,,,https://www.fortross.org/local/ava/napa-valley
Lateral Wines,408-230-0392,1370 Trancas Street #420,,,,https://www.fortross.org/local/ava/napa-valley
Page Wine Cellars,707-255-4665,520 California Blvd. #18,,,,https://www.fortross.org/local/ava/napa-valley
Reid Family Cellars,707-252-3195,1020 Borrette Lane,,,,https://www.fortross.org/local/ava/napa-valley
Vinoce / Twenty Rows,707-265-7750,880 Vallejo St.,,,,https://www.fortross.org/local/ava/napa-valley
Aonair Wines,707-738-8352,523 Westgate Drive,,,,https://www.fortross.org/local/ava/napa-valley
Blue Oak Vineyard,707-291-3671,44 Blue Oak Lane,,,,https://www.fortross.org/local/ava/napa-valley
Grayson Cellars,707-812-4443,5135 Solano Avenue,,,,https://www.fortross.org/local/ava/napa-valley
M.S. Torun Winery,650-773 â€“ 4003,5185 Wragg Canyon Road,,,,https://www.fortross.org/local/ava/napa-valley
Pina Napa Valley,707-738-9328,8060 Silverado Trail,,,,https://www.fortross.org/local/ava/napa-valley
Topaz Wines,707-252-2468,1755 Monarch Dr.,,,,https://www.fortross.org/local/ava/napa-valley
Whetstone Wine Cellars,707-254-0600,1075 Altas Peak Rd.,,,,https://www.fortross.org/local/ava/napa-valley
AlphaWolf Vineyard & Olive Ranch / Eagle Eye Wines,707-427-1600,6595 Gordon Valley Rd.,,,,https://www.fortross.org/local/ava/napa-valley
"Benevolo Wines
â€“ Closed",707-484-1917,5171 Big Ranch Rd,,,,https://www.fortross.org/local/ava/napa-valley
Bryant Family Vineyard,707-963-0483,1567 Sage Canyon,,,,https://www.fortross.org/local/ava/napa-valley
Buoncristiani Family Winery,707-259-1681,2275 Soda Canyon Road,,,,https://www.fortross.org/local/ava/napa-valley
Del Dotto Historic Winery & Caves,707-963-2134,1055 Atlas Peak Road,,,,https://www.fortross.org/local/ava/napa-valley
Emerson Brown Wines,707-363-0693,4281 Dale Drive,,,,https://www.fortross.org/local/ava/napa-valley
Gridley Family Cellars,707-965-9900,5225 Solano Ave,,,,https://www.fortross.org/local/ava/napa-valley
Heritance Wines,707-259-0476,855 Bordeaux Way Ste 260,,,,https://www.fortross.org/local/ava/napa-valley
Ideology Cellars,(707) 226-2151,5225 Solano Ave,,,,https://www.fortross.org/local/ava/napa-valley
Materra Wines â€“ Cunat Family Vineyards,707-224-4900,4326 Big Ranch Road,,,,https://www.fortross.org/local/ava/napa-valley
Neyers Vineyards,707-963-8840,2153 Sage Canyon Rd.,,,,https://www.fortross.org/local/ava/napa-valley
ShadowBox Cellars,707-738-0386,449 Gateway Road West,,,,https://www.fortross.org/local/ava/napa-valley
AnanTaah,707-337-4720,5225 Solano Ave.,,,,https://www.fortross.org/local/ava/napa-valley
Falcor Wine Cellars,707-255-6070,"2511 Napa Valley Corporate Drive, Suite 115",Napa Valley Corporate Drive,Suite 115,,https://www.fortross.org/local/ava/napa-valley
Gandona Winery,707-967-5550,1535 Sage Canyon Road,,,,https://www.fortross.org/local/ava/napa-valley
James Cole Winery,707-251-9905,5014 Silverado Trail,,,,https://www.fortross.org/local/ava/napa-valley
Matthiasson,707-265-9349,5225 Solano Ave,,,,https://www.fortross.org/local/ava/napa-valley
Nakamura Cellars,707-299-3930,5225 Solano Ave,,,,https://www.fortross.org/local/ava/napa-valley
Scalon Cellars,707-666-2245,270 Kreuzer Ln,,,,https://www.fortross.org/local/ava/napa-valley
St. Barthelemy Cellars,707-966-1513,1001 Steele Canyon Rd.,,,,https://www.fortross.org/local/ava/napa-valley
Calla Lily Estate & Winery,707-965-9558,6307 Pope Valley Road,,,,https://www.fortross.org/local/ava/napa-valley
Cobden Wini Wines,,1200 Orchard Avenue,,,,https://www.fortross.org/local/ava/napa-valley
Coup de Foudre Winery,707-253-8300,"135 Camino Dorado, Suite 8B",Camino Dorado,Suite 8B,,https://www.fortross.org/local/ava/napa-valley
Euclid Wines,707-681-9463,4217 Grape Vine Dr.,,,,https://www.fortross.org/local/ava/napa-valley
Hendry,707-226-8320,3104 Redwood Rd.,,,,https://www.fortross.org/local/ava/napa-valley
Knighton Family Vineyards,248-672-2960,3860 Old Toll Rd,,,,https://www.fortross.org/local/ava/napa-valley
Mike & Molly Hendry,707-255-6754,3104 Redwood Rd.,,,,https://www.fortross.org/local/ava/napa-valley
On Q Wines,707-224-1222,PO Box 2188,,,,https://www.fortross.org/local/ava/napa-valley
VirgilÂ’s Vineyard,248-719-2808,1607 McKinley Road,,,,https://www.fortross.org/local/ava/napa-valley
Bremer Family Winery,707-963-5411,975 Deer Park Rd.,,,,https://www.fortross.org/local/ava/napa-valley
Burgess Cellars,800-752-9463,1108 Deer Park Rd.,,,,https://www.fortross.org/local/ava/napa-valley
Cult of 8 â€“ Alias Winery,707-200-8321,P.O. Box 6962,,,,https://www.fortross.org/local/ava/napa-valley
Darioush Winery,707-257-2345,4240 Silverado Trail,,,,https://www.fortross.org/local/ava/napa-valley
Garnet Vineyards,510-601-2223,"Napa, California 94558",Napa,California,94558,https://www.fortross.org/local/ava/napa-valley
Laird Family Tasting Room,877-297-4902,5055 Solano Avenue,,,,https://www.fortross.org/local/ava/napa-valley
Lapis Luna,707-332-5563,4225 Solano Ave.,,,,https://www.fortross.org/local/ava/napa-valley
Modus Operandi Cellars,530-219-6199,5225 Solano Ave,,,,https://www.fortross.org/local/ava/napa-valley
Reynolds Family Winery,707-258-2558,3266 Silverado Trail,,,,https://www.fortross.org/local/ava/napa-valley
Sandlands,,PO Box 6738,,,,https://www.fortross.org/local/ava/napa-valley
Trahan Winery,707-257-7477,974 Franklin Street,,,,https://www.fortross.org/local/ava/napa-valley
Viader Winery,707-963-3816,1120 Deer Park Rd.,,,,https://www.fortross.org/local/ava/napa-valley
Y Rousseau Wines,415-713-4203,"902 Enterprise Way, Suite O",Enterprise Way,Suite O,,https://www.fortross.org/local/ava/napa-valley
Alex Sotelo Cellars,707-224-5920,4154 Burgandy Way,,,,https://www.fortross.org/local/ava/napa-valley
Don Sebastiani & Sons,,520 Airpark Rd.,,,,https://www.fortross.org/local/ava/napa-valley
Hidden Ridge Vineyard,707-339-0530,110 Camino Oruga,,,,https://www.fortross.org/local/ava/napa-valley
Laird Family Estate,877-297-4902,5055 Solano Avenue,,,,https://www.fortross.org/local/ava/napa-valley
Luna Vineyards,707-255-5862,2921 Silverado Trail,,,,https://www.fortross.org/local/ava/napa-valley
Mark Herold Wines,707-258-3111,710 First Street,,,,https://www.fortross.org/local/ava/napa-valley
Mason Cellars,707-255-0658,PO Box 248,,,,https://www.fortross.org/local/ava/napa-valley
Mi Sueno Winery,707-258-6358,"910 Enterprise Way, Suite M",Enterprise Way,Suite M,,https://www.fortross.org/local/ava/napa-valley
Noria Wines,,5225 Solano Ave.,,,,https://www.fortross.org/local/ava/napa-valley
P.B. Hein Vineyards,707-967-8638,140 Pine Place,,,,https://www.fortross.org/local/ava/napa-valley
Prim Family Vineyard,855-289-8800,175 Tower Rd,,,,https://www.fortross.org/local/ava/napa-valley
Salexis Wines,707-256-3435,257 Walnut St. Suite D,,,,https://www.fortross.org/local/ava/napa-valley
Sonoma-Loeb Wines,800-989-2440,1581 Sage Canyon Rd.,,,,https://www.fortross.org/local/ava/napa-valley
Anderson`s Conn Valley Vineyards,707-963-8600,680 Rossi Rd.,,,,https://www.fortross.org/local/ava/napa-valley
CaÂ’ Momi Wines,877-622-6664,2180 Jefferson Street,,,,https://www.fortross.org/local/ava/napa-valley
Celani Family Vineyards,707.255.5645,2230 Big Ranch Road,,,,https://www.fortross.org/local/ava/napa-valley
Crosby Roamann,707-258-8599,45 Enterprise Court #6,,,,https://www.fortross.org/local/ava/napa-valley
Darjean Jones,707-266-6547,45 Enterprise Ct,,,,https://www.fortross.org/local/ava/napa-valley
Hesperian Wines,707-927-3787,778 Williams Court,,,,https://www.fortross.org/local/ava/napa-valley
Mandolin Wines,707-265-8523,P.O. Box 6979,,,,https://www.fortross.org/local/ava/napa-valley
Merus,707-251-5551,424 Crystal Springs Road,,,,https://www.fortross.org/local/ava/napa-valley
RD Winery,707-259-9446,3 Executive Way,,,,https://www.fortross.org/local/ava/napa-valley
St. Clair Brown Winery,707-255-5591,850 Vallejo Street,,,,https://www.fortross.org/local/ava/napa-valley
Stonehedge Winery,707-257-1068,1004 Clinton St.,,,,https://www.fortross.org/local/ava/napa-valley
William Hill Estate,707-265-3024,1761 Atlas Peak Rd.,,,,https://www.fortross.org/local/ava/napa-valley
Alta Napa Valley,707-341-2930,5055 Solano Avenue,,,,https://www.fortross.org/local/ava/napa-valley
Amuse Bouche,707-251-9300,"135 Camino Dorado, Suite 8",Camino Dorado,Suite 8,,https://www.fortross.org/local/ava/napa-valley
Boyanci / InSpire,707-255-7800,135 Camino Dorado Suite 12,,,,https://www.fortross.org/local/ava/napa-valley
Coniglio Wines,888-726-6796,543 Mund Road,,,,https://www.fortross.org/local/ava/napa-valley
Dearden Wines,707-944-2054,PO Box 4364,,,,https://www.fortross.org/local/ava/napa-valley
Gamling & McDuck,612-309-3306,615A Sunnyside Road,,,,https://www.fortross.org/local/ava/napa-valley
Hailstone Vineyards,844-990-1900,708 First Street,,,,https://www.fortross.org/local/ava/napa-valley
Highlands Winery,707-603-2096,5225 Solano Avenue,,,,https://www.fortross.org/local/ava/napa-valley
Lion`s Run Wines,707-287-0273,PO Box 5750,,,,https://www.fortross.org/local/ava/napa-valley
Luna Vineyards Tasting Salon,707-255-5862,2921 Silverado Trail,,,,https://www.fortross.org/local/ava/napa-valley
O`Brien Estate,707-252-8463,1200 Orchard Avenue,,,,https://www.fortross.org/local/ava/napa-valley
Pine & Brown Estates,707-363-4057,1045 Pine St.,,,,https://www.fortross.org/local/ava/napa-valley
Robert Craig Winery,707- 252-2250,625 Imperial Way,,,,https://www.fortross.org/local/ava/napa-valley
"Toolbox Wine Company

â€“ Closed",707-252-8665,902 Enterprise Way,,,,https://www.fortross.org/local/ava/napa-valley
Vice Versa Wine,707-968-5620,"4225 Solano Ave, Suite 555",Solano Ave,Suite 555,,https://www.fortross.org/local/ava/napa-valley
Wonderment Wines,843-822-8466,425 Jefferson St,,,,https://www.fortross.org/local/ava/napa-valley
Accendo Cellars,707-294-2423,"1040 Main Street, Suite 103",Main Street,Suite 103,,https://www.fortross.org/local/ava/napa-valley
BX of Napa Wines,707-927-8750,"Napa, California",Napa,California,,https://www.fortross.org/local/ava/napa-valley
Ellman Family Vineyards,707 947-3010,"3212 Jefferson Street, #238",Jefferson Street,#238,,https://www.fortross.org/local/ava/napa-valley
Hersly Wines,707-681-5870,PO Box 5491,,,,https://www.fortross.org/local/ava/napa-valley
Irwin Family Vineyards,707-287-2053,4457 Stillson Street,,,,https://www.fortross.org/local/ava/napa-valley
John Anthony Vineyards,707-265-7711,1440 First Street,,,,https://www.fortross.org/local/ava/napa-valley
Kenzo Estate,707-254-7572,3200 Monticello Road,,,,https://www.fortross.org/local/ava/napa-valley
Levendi Winery,877-538-3634,4225 Solano Ave.,,,,https://www.fortross.org/local/ava/napa-valley
Long Meadow Ranch Winery,707-963-4555,775 Whitehall Lane,,,,https://www.fortross.org/local/ava/napa-valley
Poe Wines,707-302-9636,"292 Kaanapali Dr,",Kaanapali Dr,,,https://www.fortross.org/local/ava/napa-valley
Black Cordon Vineyards,707-226-6860,4155 Dry Creek Road,,,,https://www.fortross.org/local/ava/napa-valley
Four Bears / Sean Minor Wines,707-226-1414,"1370 Trancas Street, # 327",Trancas Street,# 327,,https://www.fortross.org/local/ava/napa-valley
Frazier Winery,707-255-3444,"Napa, California 94558",Napa,California,94558,https://www.fortross.org/local/ava/napa-valley
Peter Franus Wine Co.,707-945-0542,5055 Solano Avenue,,,,https://www.fortross.org/local/ava/napa-valley
Punch Vineyards,707-477-1403,574 Montgomery Street,,,,https://www.fortross.org/local/ava/napa-valley
Spellbound Wines,707-256-2700,"1436 2nd Street, Suite 288",nd Street,Suite 288,,https://www.fortross.org/local/ava/napa-valley
Waugh Cellars,707-227-2242,2275 Soda Canyon Road,,,,https://www.fortross.org/local/ava/napa-valley
Brand Napa Valley,707-963-1199,90 Long Ranch Road,,,,https://www.fortross.org/local/ava/napa-valley
Eleven Eleven Winery,707-224-2211,620 Trancas St.,,,,https://www.fortross.org/local/ava/napa-valley
Fulcrum Wines,732-610-9602,110 Camino Oruga,,,,https://www.fortross.org/local/ava/napa-valley
FUSE Wines,707-265-6492,4500 Silverado Trl,,,,https://www.fortross.org/local/ava/napa-valley
Judd`s Hill Winery,707-255-2332,2332 Silverado Trail,,,,https://www.fortross.org/local/ava/napa-valley
Melanson Vineyard,707-963-7404,1537 Sage Canyon Rd.,,,,https://www.fortross.org/local/ava/napa-valley
Monticello Vineyards â€“ Corley Family Napa Valley,707-253-2802,4242 Big Ranch Road,,,,https://www.fortross.org/local/ava/napa-valley
Napa Smith Brewpub & Wine TR,707-255-2912,1 Executive Way,,,,https://www.fortross.org/local/ava/napa-valley
Phipps Family Cellars,707-265-0677,P.O. Box 10901,,,,https://www.fortross.org/local/ava/napa-valley
Road 31 Wine Company,707-649-1200,"Napa, California 94558",Napa,California,94558,https://www.fortross.org/local/ava/napa-valley
Tetra Winery,707-492-3531,459 Walnut Street,,,,https://www.fortross.org/local/ava/napa-valley
The Caves at Soda Canyon,707-861-8100,2275 Soda Canyon Road,,,,https://www.fortross.org/local/ava/napa-valley
Valley Legend,,4239 Maher St,,,,https://www.fortross.org/local/ava/napa-valley
Holman Cellars,707-287-7557,190 Camino Oruga #9,,,,https://www.fortross.org/local/ava/napa-valley
Manifesto!,707-200-8321,PO Box 10099,,,,https://www.fortross.org/local/ava/napa-valley
Mark Herold Reserve Room,707-256-3111,926 Franklin St,,,,https://www.fortross.org/local/ava/napa-valley
Mendelson Wines,707-255-7825,809 Coombs St.,,,,https://www.fortross.org/local/ava/napa-valley
Porter Family Vineyards,707-927-0765,1189 Green Valley Rd,,,,https://www.fortross.org/local/ava/napa-valley
Trinitas Cellars,888-983-8414,875 Bordeaux Way,,,,https://www.fortross.org/local/ava/napa-valley
Virage Napa Valley,707-963-2588,5225 Solano Ave,,,,https://www.fortross.org/local/ava/napa-valley
X Winery & Amicus Cellars,707-204-9522,122 Camino Oruga,,,,https://www.fortross.org/local/ava/napa-valley
Alyris Vineyards,807-472-8135,2840 Monticello Rd.,,,,https://www.fortross.org/local/ava/napa-valley
Broman Cellars,707-963-5451,945 Deer Park Rd.,,,,https://www.fortross.org/local/ava/napa-valley
Darms Lane Wine,707-224-4200,1150 Darms Lane,,,,https://www.fortross.org/local/ava/napa-valley
Madorom,707-265-8332,2340 Silverado Trail,,,,https://www.fortross.org/local/ava/napa-valley
Maze Wines,707-260-4698,"Napa, California",Napa,California,,https://www.fortross.org/local/ava/napa-valley
Monticelli Brothers,707-255-9100,"Napa, California",Napa,California,,https://www.fortross.org/local/ava/napa-valley
Robert Biale Vineyards,707-257-7555,4038 Big Ranch Rd.,,,,https://www.fortross.org/local/ava/napa-valley
Rocca Family Vineyards,707-257-8467,129 Devlin Road,,,,https://www.fortross.org/local/ava/napa-valley
Sonria / Emerson Wines,707-324-9849,2130 3rd Street,,,,https://www.fortross.org/local/ava/napa-valley
Ashes & Diamonds,707-666-4777,4130 Howard Lane,,,,https://www.fortross.org/local/ava/napa-valley
Gemella,707-261-9855,2275 Soda Canyon Road,,,,https://www.fortross.org/local/ava/napa-valley
Longfellow Wines,888-533-5569,910 Enterprise Way,,,,https://www.fortross.org/local/ava/napa-valley
pureCru Wines,707-603-2943,1463 First Street,,,,https://www.fortross.org/local/ava/napa-valley
Ubuntu Annex,707-287-0273,PO Box 5750,,,,https://www.fortross.org/local/ava/napa-valley
West of Temperance,415-342-1603,2511 Napa Valley Corporate Dr. Suite 115,,,,https://www.fortross.org/local/ava/napa-valley
Amizetta Vineyards,707-963-1460,1099 Greenfield Rd.,,,,https://www.fortross.org/local/ava/napa-valley
Avinodos,707-225-2350,"902 Enterprise Way, Suite P",Enterprise Way,Suite P,,https://www.fortross.org/local/ava/napa-valley
Grassi Wine Company,707-255-3232,1213 Coombs St.,,,,https://www.fortross.org/local/ava/napa-valley
J. Moss Wines,707-642-3288,"901 Enterprise Way, Suite B",Enterprise Way,Suite B,,https://www.fortross.org/local/ava/napa-valley
Bright Angel Wines,312-510-6211,45 Enterprise Ct,,,,https://www.fortross.org/local/ava/napa-valley
Hugo Family Cellars,707-492-3448,"Napa, California",Napa,California,,https://www.fortross.org/local/ava/napa-valley
Husic Vineyards,707-812-4909,189 Ridge Drive,,,,https://www.fortross.org/local/ava/napa-valley
PharaohMoans,707-251-8070,"135 Camino Dorado, Suite 10",Camino Dorado,Suite 10,,https://www.fortross.org/local/ava/napa-valley
Vintner`s Collective,707-255-7150,1245 Main St,,,,https://www.fortross.org/local/ava/napa-valley
Burgess Cellars Tasting Room,707-963-4766,1108 Deer Park Rd.,,,,https://www.fortross.org/local/ava/napa-valley
Skywalker Vineyards,,110 Camino Oruga,,,,https://www.fortross.org/local/ava/napa-valley
Barbour Vineyards,707-257-1829,104 Camino Dorado,,,,https://www.fortross.org/local/ava/napa-valley
Edge Wines,707-258-9766,"4500 Silverado Trl, Ste 1",Silverado Trl,Ste 1,,https://www.fortross.org/local/ava/napa-valley
Kuleto Estate Family Vineyards,707-708-7651,2470 Sage Canyon Rd,,,,https://www.fortross.org/local/ava/napa-valley
Lloyd Cellars,707-257-2797,647 Greenfield Rd,,,,https://www.fortross.org/local/ava/napa-valley
Purlieu Wines,323-878-0880,PO Box 5689,,,,https://www.fortross.org/local/ava/napa-valley
Ankh Wines,,"1436 2nd Street, #174",nd Street,#174,,https://www.fortross.org/local/ava/napa-valley
Brown Estate â€“ Downtown Napa,707-963-2435,1005 Coombs Street,,,,https://www.fortross.org/local/ava/napa-valley
Ricardus Corculum,,"Napa, California",Napa,California,,https://www.fortross.org/local/ava/napa-valley
Mahoney Vineyards,707-253-9463,708 First Street,,,,https://www.fortross.org/local/ava/napa-valley
